"Timestamp","Username","Consent to Participate in Research:
Before proceeding with the study, please read the following information carefully:
Your participation in this study is voluntary. Your responses will be recorded and used for research purposes only. All data collected will be kept confidential and anonymous.
By clicking ""I agree"" below, you provide consent to participate in this study under the terms outlined above.","What is your name?","What is your age?","What is your gender?","Where do you currently live?","Country of Origin:","For the speech sample you just heard, please rate the perceived emotion on the following scale:
1: Very Sad 2: Sad 3: Slightly Sad 4: Neutral  5: Slightly Happy 6: Happy 7: Very Happy","Did you perceive any additional emotions beyond the primary label of Sad, Neutral, or Happy?
(Please select all that apply)","For the speech sample you just heard, please rate the perceived emotion on the following scale:
1: Very Sad 2: Sad 3: Slightly Sad 4: Neutral  5: Slightly Happy 6: Happy 7: Very Happy","Did you perceive any additional emotions beyond the primary label of Sad, Neutral, or Happy?
(Please select all that apply)","For the speech sample you just heard, please rate the perceived emotion on the following scale:
1: Very Sad 2: Sad 3: Slightly Sad 4: Neutral  5: Slightly Happy 6: Happy 7: Very Happy","Did you perceive any additional emotions beyond the primary label of Sad, Neutral, or Happy?
(Please select all that apply)","For the speech sample you just heard, please rate the perceived emotion on the following scale:
1: Very Sad 2: Sad 3: Slightly Sad 4: Neutral  5: Slightly Happy 6: Happy 7: Very Happy","Did you perceive any additional emotions beyond the primary label of Sad, Neutral, or Happy?
(Please select all that apply)","For the speech sample you just heard, please rate the perceived emotion on the following scale:
1: Very Sad 2: Sad 3: Slightly Sad 4: Neutral  5: Slightly Happy 6: Happy 7: Very Happy","Did you perceive any additional emotions beyond the primary label of Sad, Neutral, or Happy?
(Please select all that apply)","For the speech sample you just heard, please rate the perceived emotion on the following scale:
1: Very Sad 2: Sad 3: Slightly Sad 4: Neutral  5: Slightly Happy 6: Happy 7: Very Happy","Did you perceive any additional emotions beyond the primary label of Sad, Neutral, or Happy?
(Please select all that apply)","For the speech sample you just heard, please rate the perceived emotion on the following scale:
1: Very Sad 2: Sad 3: Slightly Sad 4: Neutral  5: Slightly Happy 6: Happy 7: Very Happy","Did you perceive any additional emotions beyond the primary label of Sad, Neutral, or Happy?
(Please select all that apply)","For the speech sample you just heard, please rate the perceived emotion on the following scale:
1: Very Sad 2: Sad 3: Slightly Sad 4: Neutral  5: Slightly Happy 6: Happy 7: Very Happy","Did you perceive any additional emotions beyond the primary label of Sad, Neutral, or Happy?
(Please select all that apply)","For the speech sample you just heard, please rate the perceived emotion on the following scale:
1: Very Sad 2: Sad 3: Slightly Sad 4: Neutral  5: Slightly Happy 6: Happy 7: Very Happy","Did you perceive any additional emotions beyond the primary label of Sad, Neutral, or Happy?
(Please select all that apply)","For the speech sample you just heard, please rate the perceived emotion on the following scale:
1: Very Sad 2: Sad 3: Slightly Sad 4: Neutral  5: Slightly Happy 6: Happy 7: Very Happy","Did you perceive any additional emotions beyond the primary label of Sad, Neutral, or Happy?
(Please select all that apply)","For the speech sample you just heard, please rate the perceived emotion on the following scale:
1: Very Sad 2: Sad 3: Slightly Sad 4: Neutral  5: Slightly Happy 6: Happy 7: Very Happy","Did you perceive any additional emotions beyond the primary label of Sad, Neutral, or Happy?
(Please select all that apply)","For the speech sample you just heard, please rate the perceived emotion on the following scale:
1: Very Sad 2: Sad 3: Slightly Sad 4: Neutral  5: Slightly Happy 6: Happy 7: Very Happy","Did you perceive any additional emotions beyond the primary label of Sad, Neutral, or Happy?
(Please select all that apply)","For the speech sample you just heard, please rate the perceived emotion on the following scale:
1: Very Sad 2: Sad 3: Slightly Sad 4: Neutral  5: Slightly Happy 6: Happy 7: Very Happy","Did you perceive any additional emotions beyond the primary label of Sad, Neutral, or Happy?
(Please select all that apply)","For the speech sample you just heard, please rate the perceived emotion on the following scale:
1: Very Sad 2: Sad 3: Slightly Sad 4: Neutral  5: Slightly Happy 6: Happy 7: Very Happy","Did you perceive any additional emotions beyond the primary label of Sad, Neutral, or Happy?
(Please select all that apply)","For the speech sample you just heard, please rate the perceived emotion on the following scale:
1: Very Sad 2: Sad 3: Slightly Sad 4: Neutral  5: Slightly Happy 6: Happy 7: Very Happy","Did you perceive any additional emotions beyond the primary label of Sad, Neutral, or Happy?
(Please select all that apply)","For the speech sample you just heard, please rate the perceived emotion on the following scale:
1: Very Sad 2: Sad 3: Slightly Sad 4: Neutral  5: Slightly Happy 6: Happy 7: Very Happy","Did you perceive any additional emotions beyond the primary label of Sad, Neutral, or Happy?
(Please select all that apply)","For the speech sample you just heard, please rate the perceived emotion on the following scale:
1: Very Sad 2: Sad 3: Slightly Sad 4: Neutral  5: Slightly Happy 6: Happy 7: Very Happy","Did you perceive any additional emotions beyond the primary label of Sad, Neutral, or Happy?
(Please select all that apply)","For the speech sample you just heard, please rate the perceived emotion on the following scale:
1: Very Sad 2: Sad 3: Slightly Sad 4: Neutral  5: Slightly Happy 6: Happy 7: Very Happy","Did you perceive any additional emotions beyond the primary label of Sad, Neutral, or Happy?
(Please select all that apply)","For the speech sample you just heard, please rate the perceived emotion on the following scale:
1: Very Sad 2: Sad 3: Slightly Sad 4: Neutral  5: Slightly Happy 6: Happy 7: Very Happy","Did you perceive any additional emotions beyond the primary label of Sad, Neutral, or Happy?
(Please select all that apply)","For the speech sample you just heard, please rate the perceived emotion on the following scale:
1: Very Sad 2: Sad 3: Slightly Sad 4: Neutral  5: Slightly Happy 6: Happy 7: Very Happy","Did you perceive any additional emotions beyond the primary label of Sad, Neutral, or Happy?
(Please select all that apply)","For the speech sample you just heard, please rate the perceived emotion on the following scale:
1: Very Sad 2: Sad 3: Slightly Sad 4: Neutral  5: Slightly Happy 6: Happy 7: Very Happy","Did you perceive any additional emotions beyond the primary label of Sad, Neutral, or Happy?
(Please select all that apply)","For the speech sample you just heard, please rate the perceived emotion on the following scale:
1: Very Sad 2: Sad 3: Slightly Sad 4: Neutral  5: Slightly Happy 6: Happy 7: Very Happy","Did you perceive any additional emotions beyond the primary label of Sad, Neutral, or Happy?
(Please select all that apply)","For the speech sample you just heard, please rate the perceived emotion on the following scale:
1: Very Sad 2: Sad 3: Slightly Sad 4: Neutral  5: Slightly Happy 6: Happy 7: Very Happy","Did you perceive any additional emotions beyond the primary label of Sad, Neutral, or Happy?
(Please select all that apply)","For the speech sample you just heard, please rate the perceived emotion on the following scale:
1: Very Sad 2: Sad 3: Slightly Sad 4: Neutral  5: Slightly Happy 6: Happy 7: Very Happy","Did you perceive any additional emotions beyond the primary label of Sad, Neutral, or Happy?
(Please select all that apply)","For the speech sample you just heard, please rate the perceived emotion on the following scale:
1: Very Sad 2: Sad 3: Slightly Sad 4: Neutral  5: Slightly Happy 6: Happy 7: Very Happy","Did you perceive any additional emotions beyond the primary label of Sad, Neutral, or Happy?
(Please select all that apply)","For the speech sample you just heard, please rate the perceived emotion on the following scale:
1: Very Sad 2: Sad 3: Slightly Sad 4: Neutral  5: Slightly Happy 6: Happy 7: Very Happy","Did you perceive any additional emotions beyond the primary label of Sad, Neutral, or Happy?
(Please select all that apply)","For the speech sample you just heard, please rate the perceived emotion on the following scale:
1: Very Sad 2: Sad 3: Slightly Sad 4: Neutral  5: Slightly Happy 6: Happy 7: Very Happy","Did you perceive any additional emotions beyond the primary label of Sad, Neutral, or Happy?
(Please select all that apply)","For the speech sample you just heard, please rate the perceived emotion on the following scale:
1: Very Sad 2: Sad 3: Slightly Sad 4: Neutral  5: Slightly Happy 6: Happy 7: Very Happy","Did you perceive any additional emotions beyond the primary label of Sad, Neutral, or Happy?
(Please select all that apply)","For the speech sample you just heard, please rate the perceived emotion on the following scale:
1: Very Sad 2: Sad 3: Slightly Sad 4: Neutral  5: Slightly Happy 6: Happy 7: Very Happy","Did you perceive any additional emotions beyond the primary label of Sad, Neutral, or Happy?
(Please select all that apply)","For the speech sample you just heard, please rate the perceived emotion on the following scale:
1: Very Sad 2: Sad 3: Slightly Sad 4: Neutral  5: Slightly Happy 6: Happy 7: Very Happy","Did you perceive any additional emotions beyond the primary label of Sad, Neutral, or Happy?
(Please select all that apply)"
"2024/12/12 10:40:35 pm GMT+8","permyo07@gmail.com","I agree to participate in this study.","Pepe Julian Onziema","25-34","Male","Sweden","Nigeria","3","Discomfort","4","No additional emotions","4","Irony","4","Discomfort","6","No additional emotions","4","Ambiguity;No additional emotions","4","Irony","1","Discomfort","2","No additional emotions;aaa","3","Playfulness;No additional emotions","5","Playfulness","2","No additional emotions","4","Confusion","3","Confusion","4","No additional emotions","4","No additional emotions","6","No additional emotions","6","No additional emotions","4","No additional emotions","5","No additional emotions","4","No additional emotions","1","Ambiguity","1","Anger","1","No additional emotions","6","No additional emotions","4","No additional emotions","2","No additional emotions","4","No additional emotions","6","No additional emotions","5","No additional emotions"
"2024/12/15 5:40:11 am GMT+8","liutianyun1103@gmail.com","I agree to participate in this study.","Tianyun","18-24","Female","Sweden","China","5","Humor","4","Discomfort","5","No additional emotions","4","Confusion","3","Discomfort","3","Sarcasm","4","No additional emotions","3","Discomfort","5","No additional emotions","1","Anger","3","No additional emotions","1","Discomfort","5","Humor","4","No additional emotions","4","Confusion","4","No additional emotions","5","Confusion","6","Humor","2","Discomfort","5","Ambiguity","4","No additional emotions","4","No additional emotions","3","Ambiguity","4","No additional emotions","6","Humor","3","Sarcasm","4","No additional emotions","3","Discomfort","2","Anger","3","Discomfort"
"2024/12/15 5:45:17 am GMT+8","ambroise.amet@gmail.com","I agree to participate in this study.","Ambros","25-34","Male","Japan","France","3","Sarcasm","4","No additional emotions","3","Anger","4","No additional emotions","3","Ambiguity","5","No additional emotions","4","Sarcasm","3","Humor","4","No additional emotions","4","Humor","4","Impatient ","3","Discomfort","5","No additional emotions","4","No additional emotions","5","Relaxed","4","No additional emotions","5","No additional emotions","4","Proud","4","Sarcasm","4","Proud","4","No additional emotions","4","Sarcasm","2","Unsure","4","Sarcasm","4","Humor","4","Humor","4","Jalous","4","Sarcasm","5","Humor","5","Sarcasm;Humor"
"2024/12/15 5:57:24 am GMT+8","niclas.finn01@gmail.com","I agree to participate in this study.","Niclas ","18-24","Male","Sweden","Germany","3","No additional emotions","4","No additional emotions","4","No additional emotions","3","Ambiguity","3","Discomfort","3","No additional emotions","4","Sarcasm;Ambiguity","4","Sarcasm;Discomfort","3","Discomfort","4","No additional emotions","5","No additional emotions","2","No additional emotions","5","No additional emotions","4","No additional emotions","4","No additional emotions","4","Confusion","5","No additional emotions","6","No additional emotions","5","Ambiguity","5","No additional emotions","3","Discomfort;Ambiguity","2","Ambiguity","4","Discomfort;Ambiguity","3","Discomfort","5","No additional emotions","4","Humor;Ambiguity","4","Ambiguity","4","No additional emotions","4","Anger","3","Confusion"
"2024/12/15 6:29:13 am GMT+8","nopw12345@gmail.com","I agree to participate in this study.","Yung Yung","25-34","Female","Sweden","United Kingdom","2","Discomfort;Confusion","3","Discomfort;Anger","2","Discomfort;Ambiguity;Confusion","4","No additional emotions","3","Confusion","3","No additional emotions","4","Sarcasm;Ambiguity","4","confident ","4","No additional emotions","4","No additional emotions","5","Humor","3","Confusion","3","Sarcasm;Discomfort;Ambiguity;Anger","4","No additional emotions","4","Sarcasm;Ambiguity","5","Sarcasm;Humor","6","Humor","7","No additional emotions","3","Sarcasm;Discomfort;Ambiguity","5","Humor","4","No additional emotions","5","Ambiguity","3","No additional emotions","4","No additional emotions","6","No additional emotions","6","Sarcasm;Humor;Ambiguity","3","Discomfort;Ambiguity;Confusion","4","No additional emotions","5","Sarcasm;Humor;Ambiguity","5","Sarcasm;Humor;Ambiguity"
"2024/12/15 5:40:19 pm GMT+8","edwin.everhart.t@gmail.com","I agree to participate in this study.","Edwin Tumboimbela","35-44","Male","Japan","Indonesia","3","Discomfort;Ambiguity;Confusion","4","Ambiguity","4","No additional emotions","2","No additional emotions","4","No additional emotions","4","Ambiguity","5","Sarcasm","4","No additional emotions","3","Discomfort","4","Sarcasm","4","No additional emotions","2","Discomfort","3","Discomfort;Ambiguity;Confusion","2","Discomfort","5","Sarcasm;Ambiguity","4","No additional emotions","6","No additional emotions","6","No additional emotions","4","Sarcasm;Ambiguity","4","Ambiguity","3","No additional emotions","3","Discomfort;Ambiguity","4","Discomfort;Anger","3","Discomfort","6","No additional emotions","4","No additional emotions","3","Discomfort;Anger","3","Discomfort","5","Sarcasm;Humor","5","Sarcasm;Humor"
"2024/12/15 5:53:30 pm GMT+8","louisa.hirvonen@gmail.com","I agree to participate in this study.","Louisa Hirvonen","18-24","Female","Sweden","Sweden","2","Sarcasm;Anger","3","No additional emotions","3","Discomfort","4","No additional emotions","2","No additional emotions","2","No additional emotions","3","Ambiguity;Confusion","1","No additional emotions","2","Confusion","2","No additional emotions","3","Ambiguity;Confusion","3","Ambiguity;Confusion","3","Ambiguity","4","No additional emotions","3","Ambiguity","5","Confusion","5","Confusion","5","Discomfort;Confusion","4","Sarcasm;Humor","4","No additional emotions","2","Ambiguity","1","Discomfort;Confusion;Anger","2","Humor","1","Discomfort","5","Confusion","3","Ambiguity;Confusion","1","Discomfort","1","Ambiguity","3","Ambiguity;Confusion","2","Confusion"
"2024/12/16 1:32:48 am GMT+8","gyq8512083@gmail.com","I agree to participate in this study.","Yuquan Guo","25-34","Male","Sweden","China","3","No additional emotions","2","Discomfort","7","No additional emotions","4","No additional emotions","4","No additional emotions","3","No additional emotions","5","Sarcasm","1","Discomfort","2","No additional emotions","4","Anger","4","Sarcasm","2","No additional emotions","5","No additional emotions","4","No additional emotions","3","No additional emotions","4","No additional emotions","6","No additional emotions","5","No additional emotions","3","Sarcasm;Humor","4","No additional emotions","2","No additional emotions","4","Discomfort","4","Sarcasm;Humor","4","No additional emotions","5","No additional emotions","5","No additional emotions","1","No additional emotions","2","No additional emotions","5","Sarcasm","4","Sarcasm;Humor"
"2024/12/16 5:48:25 pm GMT+8","rizalhamdana21@gmail.com","I agree to participate in this study.","Rizal Hamdan","25-34","Male","Australia","Indonesia","4","Discomfort;Confusion","5","No additional emotions","4","No additional emotions","3","Discomfort","3","No additional emotions","4","Ambiguity","4","No additional emotions","2","No additional emotions","2","Discomfort","4","No additional emotions","4","No additional emotions","2","Discomfort","5","No additional emotions","4","No additional emotions","4","Sarcasm","5","No additional emotions","6","No additional emotions","4","No additional emotions","3","Discomfort","4","Ambiguity","2","Discomfort","2","No additional emotions","3","Discomfort","4","No additional emotions","6","No additional emotions","4","No additional emotions","2","No additional emotions","4","No additional emotions","6","Humor","5","No additional emotions"
"2024/12/16 6:18:04 pm GMT+8","sophiaqin.work@gmail.com","I agree to participate in this study.","Sophia","25-34","Female","United Kingdom","China","4","Sarcasm;Discomfort;Tired","4","No additional emotions","4","Discomfort","4","Discomfort","2","Discomfort","4","Nonchalant","4","No additional emotions","2","Confusion","4","No additional emotions","1","Anger","4","No additional emotions","1","Anger","4","Sarcasm","4","Confidence","7","No additional emotions","4","No additional emotions","7","No additional emotions","7","No additional emotions","4","Ambiguity;Confusion","5","No additional emotions","4","No additional emotions","4","Sarcasm","1","Confusion;Anger","2","No additional emotions","4","Sarcasm","4","No additional emotions","3","Discomfort","4","Discomfort;Ambiguity","3","Sarcasm;Anger","3","Sarcasm;Anger"
"2024/12/16 6:20:06 pm GMT+8","khamilaturrahmah@gmail.com","I agree to participate in this study.","Mila","25-34","Female","Sweden","Indonesia","4","Ambiguity","3","No additional emotions","5","No additional emotions","4","No additional emotions","4","No additional emotions","3","No additional emotions","4","No additional emotions","3","No additional emotions","3","No additional emotions","4","No additional emotions","4","No additional emotions","3","No additional emotions","4","No additional emotions","3","No additional emotions","4","No additional emotions","4","No additional emotions","5","No additional emotions","5","No additional emotions","3","No additional emotions","3","No additional emotions","3","No additional emotions","1","No additional emotions","2","No additional emotions","2","No additional emotions","4","No additional emotions","2","No additional emotions","3","No additional emotions","4","No additional emotions","4","No additional emotions","4","Sarcasm"
"2024/12/16 6:39:04 pm GMT+8","nurulizzati.dinillah@gmail.com","I agree to participate in this study.","nurul","25-34","Female","Sweden","Indonesia","3","Confusion","4","No additional emotions","4","No additional emotions","3","Discomfort","3","Discomfort","4","No additional emotions","6","No additional emotions","2","Anger","6","No additional emotions","2","Anger","3","Anger","2","Confusion","6","No additional emotions","4","No additional emotions","3","No additional emotions","6","No additional emotions","6","Humor","6","No additional emotions","4","No additional emotions","3","Confusion","3","Confusion","2","Confusion","2","Confusion","4","No additional emotions","5","No additional emotions","4","No additional emotions","2","Discomfort","3","Discomfort","6","Humor","4","No additional emotions"
"2024/12/16 6:46:51 pm GMT+8","nadyasyifa@upi.edu","I agree to participate in this study.","Nad","25-34","Female","Indonesia","Indonesia","4","Ambiguity","6","No additional emotions","3","No additional emotions","3","Discomfort","2","No additional emotions","4","No additional emotions","4","No additional emotions","1","desperate","2","Discomfort","2","No additional emotions","4","Sarcasm","1","No additional emotions","7","excited","4","No additional emotions","3","Sarcasm","4","Discomfort","5","Confusion","7","No additional emotions","4","Discomfort","4","proud","3","No additional emotions","2","No additional emotions","1","Confusion;Anger","4","No additional emotions","6","No additional emotions","3","No additional emotions","2","Discomfort","2","tired","3","Sarcasm","2","Sarcasm"
"2024/12/16 7:26:25 pm GMT+8","stefanfredrikivchenko@gmail.com","I agree to participate in this study.","Stefan","18-24","Male","Sweden","Sweden","2","Tired","4","Confusion","3","No additional emotions","5","No additional emotions","3","No additional emotions","2","No additional emotions","5","No additional emotions","3","Sarcasm","5","No additional emotions","2","Sarcasm","4","No additional emotions","3","No additional emotions","5","Confusion","4","No additional emotions","5","Sarcasm","4","No additional emotions","4","Confusion","5","No additional emotions","4","Humor","3","No additional emotions","2","No additional emotions","1","Anger","4","Humor","2","No additional emotions","6","No additional emotions","3","Discomfort","1","Anger","3","Humor","5","Sarcasm;Confusion","6","Sarcasm;Confusion"
"2024/12/16 8:08:23 pm GMT+8","aureliaaranti@gmail.com","I agree to participate in this study.","Aurelia","25-34","Female","Sweden","Indonesia","3","Ambiguity","4","No additional emotions","4","No additional emotions","4","Discomfort","2","Discomfort","4","No additional emotions","4","No additional emotions","3","No additional emotions","5","No additional emotions","2","Discomfort","4","No additional emotions","1","Discomfort;Confusion","4","No additional emotions","4","No additional emotions","4","No additional emotions","3","No additional emotions","4","No additional emotions","6","No additional emotions","4","No additional emotions","4","No additional emotions","3","No additional emotions","3","No additional emotions","1","Discomfort;Confusion","3","No additional emotions","7","No additional emotions","2","No additional emotions","4","No additional emotions","4","No additional emotions","4","No additional emotions","2","No additional emotions"
"2024/12/16 8:38:12 pm GMT+8","ryanandhika.idg@gmail.com","I agree to participate in this study.","I Dewa Gede Ryan Andhika","25-34","Male","Sweden","Indonesia","4","Discomfort","5","Discomfort","5","No additional emotions","4","No additional emotions","3","Discomfort","5","No additional emotions","4","Anger","1","Discomfort","5","No additional emotions","2","No additional emotions","4","No additional emotions","1","Confusion","7","Humor","4","No additional emotions","6","Sarcasm","4","Confusion","6","No additional emotions","5","No additional emotions","3","Sarcasm","6","Sarcasm","2","Discomfort","3","Discomfort","1","Confusion","3","No additional emotions","6","No additional emotions","3","Humor","3","Sarcasm;Confusion","4","Ambiguity","7","Sarcasm;Humor","4","Confusion"
"2024/12/16 9:31:02 pm GMT+8","antoniasunna@gmail.com","I agree to participate in this study.","Antonia Sunna","25-34","Female","Sweden","Sweden","2","Sarcasm;Humor;Ambiguity;Confusion","3","Ambiguity;Like there's more coming after","2","Anger;Certain and determined","4","very sly, i don't trust him","2","given up","2","No additional emotions","4","Confusion","4","Sarcasm;Humor","3","Discomfort;Afraid, fragile","3","given up","4","No additional emotions","3","given up, acceptance","5","Sarcasm;Ambiguity;given up, acceptance","3","given up","3","depression","3","Ambiguity;questioning","5","hope, something else is coming (tell me more!!)","4","Sarcasm;Humor;Ambiguity","3","Sarcasm;like not caring, being cool, idgf vibe","4","No additional emotions","3","depression","4","Discomfort;Ambiguity","4","Confusion","4","No additional emotions","5","No additional emotions","4","Ambiguity","3","Discomfort;Ambiguity;jealousy","5","Humor;like, what surprise is gonna happen at that meating? hiding something, but something fun","6","Sarcasm;Humor","5","Sarcasm;Humor"
"2024/12/16 10:53:46 pm GMT+8","bimbim.schmidt@gmail.com","I agree to participate in this study.","Benjamin","18-24","Male","Sweden","Sweden","3","Sarcasm;Discomfort","4","Ambiguity;Confusion","2","Anger","4","No additional emotions","3","Discomfort","3","Discomfort","4","Ambiguity","1","Sarcasm","3","Discomfort","2","No additional emotions","4","Ambiguity;Confusion","4","Confusion","5","Ambiguity;Confusion","4","No additional emotions","3","Sarcasm;Discomfort","5","Confusion","6","No additional emotions","6","No additional emotions","6","Sarcasm","6","Sarcasm","3","Ambiguity;Confusion","2","Discomfort","5","Sarcasm;Humor","4","No additional emotions","5","Humor","6","Humor","1","Discomfort","5","No additional emotions","7","Sarcasm","6","Sarcasm"
"2024/12/16 11:20:16 pm GMT+8","sellayuniar14@gmail.com","I agree to participate in this study.","Sella","25-34","Female","Indonesia","Indonesia","6","No additional emotions","4","Discomfort","6","No additional emotions","4","No additional emotions","3","No additional emotions","6","No additional emotions","4","No additional emotions","4","Sarcasm","5","No additional emotions","2","Anger","5","No additional emotions","1","Anger","6","No additional emotions","2","Discomfort","5","No additional emotions","2","Discomfort;Anger","6","No additional emotions","7","No additional emotions","4","Disappointed ","7","No additional emotions","3","Discomfort;Anger","5","Confusion;No additional emotions","2","No additional emotions","3","No additional emotions","6","No additional emotions","5","Sarcasm","4","No additional emotions","2","Disappointed ","5","Sarcasm","5","Sarcasm"
"2024/12/16 11:25:58 pm GMT+8","jarl.stephansson@gmail.com","I agree to participate in this study.","Jarl Stephansson ","18-24","Male","Sweden","Sweden","2","Discomfort;Confusion","4","Ambiguity","4","Anger","5","Confusion","4","No additional emotions","3","Sarcasm","3","Confusion","5","Sarcasm;Humor","1","No additional emotions","5","Sarcasm","6","Humor","2","Discomfort;Confusion","4","No additional emotions","3","Discomfort","4","No additional emotions","5","Humor","5","Confusion","4","No additional emotions","5","Humor","4","Sarcasm","1","Discomfort","2","Confusion","5","Sarcasm;Humor","4","Dry ","4","Confusion","4","No additional emotions","2","No additional emotions","4","Sarcasm","6","Sarcasm;Humor;Ambiguity","4","Confusion"
"2024/12/17 4:36:43 am GMT+8","yyyyjjjjjyyyyy6688@gmail.com","I agree to participate in this study.","Yan Jingyi","18-24","Female","Sweden","China","3","Discomfort","4","No additional emotions","3","No additional emotions","3","Confusion","3","Discomfort","3","Discomfort","4","Sarcasm","2","No additional emotions","4","Sarcasm;Discomfort","2","Discomfort","4","Discomfort;Anger","1","Discomfort","4","Sarcasm","4","No additional emotions","3","Discomfort","5","No additional emotions","6","Proud ","6","Proud ","3","No additional emotions","5","No additional emotions","3","Tired ","4","Sarcasm;Ambiguity","3","Unconcerned ","3","No additional emotions","6","Enjoying ","4","No additional emotions","3","No additional emotions","2","Unwilling ","4","rhetorical question","4","rhetorical question"
"2024/12/17 7:39:14 am GMT+8","erik.akg00@gmail.com","I agree to participate in this study.","Erik Grahn","18-24","Male","Sweden","Sweden","3","Ambiguity","3","No additional emotions","3","Discomfort","4","Confusion","3","Sarcasm;Ambiguity","3","No additional emotions","5","No additional emotions","5","Sarcasm;Humor","3","Discomfort;Ambiguity;Confusion","4","No additional emotions","5","Humor","3","No additional emotions","3","Ambiguity","4","No additional emotions","3","Sarcasm;Ambiguity","4","Confusion","4","Confusion","4","Confusion","5","Humor;Confusion","5","Ambiguity","3","Discomfort","2","No additional emotions","1","Discomfort","5","Humor","3","Sarcasm;Ambiguity","3","Ambiguity;Confusion","2","No additional emotions","3","Anger","6","Confusion","7","Confusion"
"2024/12/17 3:15:47 pm GMT+8","fionna.farhani@gmail.com","I agree to participate in this study.","Fionna Saphira","25-34","Female","Indonesia","Indonesia","4","Ambiguity","4","No additional emotions","3","Sarcasm;Anger","4","No additional emotions","3","No additional emotions","5","No additional emotions","4","No additional emotions","2","No additional emotions","4","No additional emotions","2","Anger","4","No additional emotions","1","Confusion;Anger","4","No additional emotions","3","No additional emotions","3","Sarcasm;Discomfort","4","No additional emotions","6","No additional emotions","7","No additional emotions","4","No additional emotions","6","No additional emotions","3","Discomfort","4","No additional emotions","1","Confusion;Anger","4","No additional emotions","6","No additional emotions","4","No additional emotions","4","No additional emotions","4","No additional emotions","2","Discomfort","2","Ambiguity;Confusion"
"2024/12/17 7:34:48 pm GMT+8","amaliaulfa14@gmail.com","I agree to participate in this study.","Ulfa Amalia","25-34","Female","Indonesia","Indonesia","3","Discomfort;Confusion","4","Sarcasm;Anger","4","No additional emotions","4","Discomfort","4","No additional emotions","3","Confusion","4","Sarcasm","1","Discomfort","3","Discomfort;Anger","1","Discomfort","2","Discomfort","1","Discomfort","5","No additional emotions","4","No additional emotions","5","Ambiguity","5","No additional emotions","5","No additional emotions","6","No additional emotions","3","Discomfort;Confusion","6","No additional emotions","2","Discomfort","1","Discomfort","2","Anger","1","Discomfort;Anger","5","Sarcasm","5","Sarcasm","1","Discomfort","3","Discomfort","6","Sarcasm;Anger","5","Sarcasm;Anger"
"2024/12/18 5:37:32 am GMT+8","lizzardthenavigator@gmail.com","I agree to participate in this study.","Lisa Lövgren","45-54","Female","Sweden","Sweden","3","Ambiguity;Thoughtful","4","No additional emotions","4","Anger;Bored","4","Discomfort","3","No additional emotions","3","No additional emotions","5","No additional emotions","4","Resignation","5","Expectant","4","Humor","5","Sarcasm;Humor","2","Resignation","5","Ambiguity","5","Convinced","4","Sarcasm","4","No additional emotions","5","Sarcasm;Hesitant","5","No additional emotions","4","Sarcasm","4","Ambiguity;Thoughtful","3","No additional emotions","2","Disappointment","3","Resignation ","4","No additional emotions","5","No additional emotions","4","No additional emotions","3","Hesitant ","4","No additional emotions","5","Ambiguity","4","Questioning "
"2024/12/18 6:50:26 pm GMT+8","yuluzhang777@gmail.com","I agree to participate in this study.","Yulu Zhang","25-34","Female","Sweden","China","3","No additional emotions","5","No additional emotions","4","dedication","4","Confusion","2","No additional emotions","3","No additional emotions","3","Discomfort","1","Disappointment","5","No additional emotions","3","Discomfort","4","Sarcasm","1","Discomfort","5","Comforting ","3","Discomfort","3","Discomfort;Ambiguity","4","Questioning","5","asking for confirmation","6","No additional emotions","4","Sarcasm","5","tired","2","No additional emotions","3","No additional emotions","5","No additional emotions","1","No additional emotions","6","No additional emotions","7","No additional emotions","2","jelousy","4","informing","4","Sarcasm","4","Sarcasm"
"2024/12/19 12:01:06 am GMT+8","fatemeh.modig@gmail.com","I agree to participate in this study.","Fatemeh","35-44","Female","Sweden","Iran","3","Ambiguity","4","No additional emotions","3","Discomfort","4","No additional emotions","2","No additional emotions","2","Discomfort","5","No additional emotions","1","Anger","5","No additional emotions","3","No additional emotions","4","No additional emotions","3","No additional emotions","5","No additional emotions","2","No additional emotions","2","Sarcasm","4","No additional emotions","6","No additional emotions","5","No additional emotions","4","No additional emotions","3","No additional emotions","1","No additional emotions","1","Discomfort","3","No additional emotions","2","No additional emotions","6","No additional emotions","4","No additional emotions","1","No additional emotions","3","No additional emotions","5","Sarcasm","4","No additional emotions"
"2024/12/19 12:42:10 am GMT+8","alex.diez.g@gmail.com","I agree to participate in this study.","Alexander Diez Gonzalez","18-24","Male","Sweden","Sweden","3","Sarcasm","4","No additional emotions","3","Confusion","4","Discomfort;Confusion","4","No additional emotions","3","Sarcasm;Ambiguity","5","Sarcasm;Humor","2","Confusion;Anger","5","Discomfort;Confusion","3","Sarcasm","4","Sarcasm","3","Discomfort","3","Discomfort;Confusion","4","No additional emotions","3","Discomfort;Confusion","5","Ambiguity","5","No additional emotions","6","No additional emotions","3","Sarcasm;Discomfort;Confusion","5","Discomfort;Confusion","4","No additional emotions","4","Ambiguity","3","Confusion;Anger","4","No additional emotions","5","Ambiguity","5","Humor","3","Discomfort","4","Sarcasm;Humor","5","Humor","3","Discomfort"
"2024/12/19 9:19:11 pm GMT+8","obtsoderberg@gmail.com","I agree to participate in this study.","Olle Grönstedt Söderberg","25-34","Male","Sweden","Sweden","3","Ambiguity","4","No additional emotions","4","""certainty"", like the person is very confident in his opinion","3","No additional emotions","3","sadness","5","No additional emotions","4","No additional emotions","2","No additional emotions;","4","Confusion","2","No additional emotions","4","No additional emotions","2","sounds like the person is uncertain about what is about to happen now","5","No additional emotions","3","resigned/exhausted","5","Sarcasm","5","No additional emotions","6","No additional emotions","5","No additional emotions","3","resigned/hopeless","5","acknowledging/supporting","3","No additional emotions","3","Ambiguity;sounds relieved but that there's other things weighing him down","4","No additional emotions","3","Confusion","5","No additional emotions","4","No additional emotions","1","hopeless, almost like he himself missed out on the opportunity","4","No additional emotions","5","Sarcasm","5","Sarcasm"